id,name,brewery_type,street,city,state,postal_code,website_url,phone,longitude,latitude
1,10 Barrel Brewing Co - Denver,large,2620 Walnut St,Denver,Colorado,80205,,7205738992,-104.9853655,39.7592508
1,10 Barrel Brewing Co - Denver,large,2620 Walnut St,Denver,Colorado,80205,,7205738992,-104.9853655,39.7592508
2,105 West Brewing Co,micro,1043 Park St,Castle Rock,Colorado,80109,http://www.105westbrewing.com,3033257321,-104.8667206,39.38269495
3,12Degree Brewing,brewpub,820 Main St,Louisville,Colorado,80027,http://www.12degree.com,3035791004,-105.1319826,39.9782443
4,14er Brewing Company,proprietor,2801 Walnut St,Denver,Colorado,80205,http://www.14erBrewing.com,7207731437,-104.9839636,39.7614112
5,3 Freaks Brewing Co,micro,7140 E County Line Rd,Highlands Ranch,Colorado,80126,http://www.3freaksbrewery.com,7202990994,-104.9426656,39.5659575
6,300 Suns Brewing Company,brewpub,335 1st Ave Unit C,Longmont,Colorado,80501,http://www.300sunsbrewing.com,,,
7,38 State Brewing,micro,8071 S Broadway Ste A,Littleton,Colorado,80122,http://www.38statebrew.com,7206383678,,
8,4 Noses Brewing Company,micro,8855 W 116th Cir Ste 3,Broomfield,Colorado,80021,http://4nosesbrewing.com,7204602797,,
9,4B's Brewery,brewpub,215 W Main St,Cedaredge,Colorado,81413,http://www.4bsbrewery.com,9708567762,-107.925782,38.900614
10,7 Hermits Brewing Company,brewpub,PO Box 3186,Eagle,Colorado,81631,http://www.7hermitsbrewing.com,9704714979,,
11,Acidulous Brewing Company,contract,6712 S Independence St,Littleton,Colorado,80128,,3039952895,-105.1059543,39.5383949
12,Alpine Dog Brewing Co,micro,1505 N Ogden St,Denver,Colorado,80218,http://www.alpinedogbrewery.com,3038321245,,
13,Alternation Brewing Company,micro,1539 S Broadway,Denver,Colorado,80210,http://www.alternationbrewing.com,3038025340,-104.9876117,39.68866374
14,Amalgam Brewing,proprietor,6381 Beach St Unit A,Denver,Colorado,80221,http://www.amalgambrewing.com,,,
15,Angry James Brewing Co,micro,421 Adams Ave,Silverthorne,Colorado,80498,http://www.angryjamesbrewing.com,9704558800,-106.0764637,39.63306895
16,Anheuser-Busch Inc - Fort Collins,large,2351 Busch Dr,Fort Collins,Colorado,80524,,9704904500,-105.0019686,40.61817811
17,Animas Brewing Co,brewpub,1560 E 2nd Ave,Durango,Colorado,81301,http://www.animasbrewing.com,9704038850,-107.8769912,37.27997215
18,Asher Brewing Co,micro,4699 Nautilus Ct S Ste 104,Boulder,Colorado,80301,http://asherbrewing.com,3035301381,,
19,Aspen Brewing Company,micro,404 Aspen Airport Business Ctr,Aspen,Colorado,81611,http://www.aspenbrewingcompany.com,9709202739,-106.8597747,39.22153402
20,Atom Brewing Company,micro,654 Moffat St,Erie,Colorado,80516,http://www.atombrewingcompany.com,8634120917,-105.0542327,40.0488359
21,Atrevida Beer Company,micro,204 Mount View Ln Unit 3,Colorado Springs,Colorado,80908,http://www.atrevidabeerco.com,7192664200,,
22,Avalanche Brewing Co,brewpub,1067 Blair St,Silverton,Colorado,81433,http://www.avalanchebrewing.com,9703875282,-107.664791,37.8098899
23,Avery Brewing Co,regional,4910 Nautilus Ct N,Boulder,Colorado,80301,,,-105.2047652,40.0625835
24,Baere Brewing Company,micro,"320 Broadway, Unit E",Denver,Colorado,80203,http://www.baerebrewing.com,9709014810,,
25,Banded Oak Brewing Company,brewpub,470 N Broadway,Denver,Colorado,80203,http://Bandedoakbrewing.com,7204798033,-104.9874187,39.7282897
26,Barnett and Son Brewing Company,micro,18425 Pony Express Dr Unit 125,Parker,Colorado,80134,,7204200462,,
27,Barrel Dog Brewing,micro,,Evergreen,Colorado,80439,,5599176846,-105.321458,39.6361637
28,Barrels & Bottles Brewery,brewpub,600 12th St Ste 160,Golden,Colorado,80401,http://www.barrelsbottles.com,7203283643,-105.2202098,39.7562107
29,Beer By Design Brewery,contract,11490 Jackson St,Thornton,Colorado,80233,http://www.beerbydesign.com,3035172202,-104.9417886,39.9285623
30,Berthoud Brewing Company,micro,450 S 8th St Unit B,Berthoud,Colorado,80513,http://www.berthoudbrewing.com,9705329850,,
31,Beyond The Mountain Brewing Company,micro,6035 Longbow Dr Unit 109,Boulder,Colorado,80301,http://www.btmbrewing.com,7574072346,,
32,Bierstadt Lagerhaus,brewpub,2875 Blake St,Denver,Colorado,80205,http://www.bierstadtlager.com,7205707824,-104.9838084,39.7630094
33,BierWerks,brewpub,121 E. Midland Ave,Woodland Park,Colorado,80863,http://www.bierwerks.com,7196868100,-105.0519462,38.9941414
34,Big Beaver Brewing Co,micro,2707 W Eisenhower Blvd Ste 9,Loveland,Colorado,80537,http://www.bigbeaverbrew.com,9708186064,,
35,Big Choice Brewing Co,micro,21 S 1st Ave,Brighton,Colorado,80601,http://www.bigchoicebrewing.com,3034692616,-104.822433,39.98642943
36,Big Thompson Brewery,micro,114 E 15th St,Loveland,Colorado,80538,,,-105.0746687,40.40811243
37,BJs Restaurant & Brewery - Boulder,brewpub,1690 28th St,Boulder,Colorado,80301,http://www.bjsrestaurants.com,3034405200,-105.258512,40.0291592
38,Black Bottle Brewery,brewpub,1611 S College Ave Ste STE1609,Fort Collins,Colorado,80525,http://www.blackbottlebrewery.com,9704932337,,
39,Black Forest Brewing Company,brewpub,11590 Black Forest Rd Ste 50,Colorado Springs,Colorado,80908,http://www.blackforestbrewco.com,7193962011,,
40,Black Project Spontaneous & Wild Ales,micro,1290 S Broadway,Denver,Colorado,80210,http://www.blackprojectbeer.com,7203342873,-104.9872018,39.6933607
41,Black Shirt Brewing Co,brewpub,3719 Walnut St,Denver,Colorado,80205,http://www.blackshirtbrewingco.com,3039932799,-104.9729604,39.7698142
42,Black Sky Brewery,brewpub,490 Santa Fe Dr,Denver,Colorado,80204,http://www.blackskybrewing.com,9702154536,-104.9983183,39.7239431
43,Blue Moon Brewery,large,3750 Chestnut Pl,Denver,Colorado,80216,,,-104.9769417,39.7735561
44,Blue Spruce Brewing,brewpub,4151 E County Line Rd Unit G,Centennial,Colorado,80122,http://www.bluesprucebrewing.com,3037710590,,
45,Blue Spruce Brewing Littleton,brewpub,10577 W Centennial Rd,Littleton,Colorado,80127,http://www.bluesprucebrewing.com,,,
46,Boggy Draw Brewery,micro,3535 S Platte River Dr Ste L,Sheridan,Colorado,80110,http://www.boggydrawbrewing.com,7209400338,,
47,Bonfire Brewing,micro,127 W 2nd St,Eagle,Colorado,81631,http://www.bonfirebrewing.com,9703067113,-106.82826,39.65531966
48,Bonfire Brewing Production,micro,936 Chambers Ct. B-4,Eagle,Colorado,81631,,9703067113,,
49,Bootstrap Brewing Co,micro,6778 N 79th St,Niwot,Colorado,80503,http://www.bootstrapbrewing.com,3036524186,-105.1691581,40.09681247
50,Bootstrap Brewing,micro,142 Pratt St,Longmont,Colorado,80501,,3036524186,-105.1062808,40.16140505
51,Bottom Shelf Brewery,brewpub,118 E Mill St,Bayfield,Colorado,81122,http://www.bottomshelfbrewing.com,9708842442,-107.5990683,37.2251348
52,Boulder Beer Co,regional,2880 Wilderness Pl,Boulder,Colorado,80301,,,-105.2480158,40.026439
53,Boulder Beer On Walnut,brewpub,1123 Walnut St,Boulder,Colorado,80302,,3034471345,-105.2804375,40.0168555
54,Brass Brewing Company,micro,318 E Colorado Ave,Colorado Springs,Colorado,80903,,,-104.8189706,38.8326073
55,Breckenridge Brewery,large,2920 Brewery Ln,Littleton,Colorado,80120,http://www.breckenridgebrewery.com,3036232739,,
56,Breckenridge Brewery & Pub,large,600 S Main St,Breckenridge,Colorado,80424,http://www.breckbrewpub.com,9704531550,-106.0445665,39.47620392
57,Brew Pub and Kitchen,brewpub,117 W College Dr,Durango,Colorado,81301,http://www.brewpubkitchen.com,9702595959,-107.8831549,37.27036464
58,Brewability Lab,micro,12445 E 39th Ave Unit 314,Denver,Colorado,80239,http://www.Brewabilitylab.com,8163515085,,
59,Brewery Rickoli,micro,4335 Wadsworth Blvd,Wheat Ridge,Colorado,80033,http://www.breweryrickoli.com,3034316862,-105.0818046,39.7757286
60,Brewmented,micro,900 S Hover St Ste C,Longmont,Colorado,80501,http://www.brewmented.com,8772579956,,
61,Briar Common Brewery,brewpub,2298 N Clay St,Denver,Colorado,80211,http://www.briarcommon.com,7204703731,,
62,Bristol Brewing Co,micro,1604 S Cascade Ave,Colorado Springs,Colorado,80905,http://www.bristolbrewing.com,7196332555,-104.827401,38.8108617
63,Brix Taphouse and Brewery,brewpub,813 8th St,Greeley,Colorado,80631,http://www.brixtaphouseandbrewery.com,9703976146,-104.6911371,40.42495461
64,Broken Compass Brewing,micro,68 Continental Ct Unit B-12,Breckenridge,Colorado,80424,http://www.brokencompassbrewing.com,5419053016,,
65,Broken Plow Brewery,micro,4731 W 10th St Unit G,Greeley,Colorado,80634,http://www.brokenplowbrewery.com,9703978373,,
66,BRU Handbuilt Ales and Eats,brewpub,5290 Arapahoe Ave,Boulder,Colorado,80303,http://www.bruboulder.com,7206385193,-105.2293345,40.0141462
67,Brues Alehouse Brewing Company,brewpub,120 Riverwalk Place,Pueblo,Colorado,81003,http://www.bruesalehouse.com,7199249670,,
68,Bruz Beers,micro,1675 W 67th Ave Ste 100,Denver,Colorado,80221,http://www.bruzbeers.com,3036502337,,
69,Buckhorn Brewers LLC,micro,4229 W Eisenhower Blvd,Loveland,Colorado,80537,,9709808688,-105.0925735,40.4058904
70,Bull & Bush Brewery,brewpub,4700 E Cherry Creek South Dr,Denver,Colorado,80246,http://www.bullandbush.com,3037590333,-104.9488456,39.7116689
71,Burgundian Brewing Co.,micro,4725 Lipan St,Denver,Colorado,80211,http://www.facebook.com/BurgundianBrewing,4704400420,-105.0024095,39.7825168
72,"Burly Brewing Company, LLC",micro,680 Atchison Way Ste 700-800,Castle Rock,Colorado,80109,http://www.burlybrewing.com,,,
73,Butcherknife Brewing Company,micro,2875 Elk River Rd,Steamboat Springs,Colorado,80487,http://www.butcherknifebrewing.com,9708792337,-106.857763,40.510887
74,C.B. and Potts/Big Horn Brewery - Englewood,brewpub,6575 Greenwood Plaza Blvd,Englewood,Colorado,80111,http://www.cbpotts.com,3037701982,,
75,C.B. and Potts/Big Horn Brewery - Highlands Ranch,brewpub,43 W Centennial Blvd,Highlands Ranch,Colorado,80129,http://www.cbpotts.com,7203441200,-104.9887246,39.56211674
76,C.B. and Potts/Big Horn Brewery - Westminster,brewpub,1257 W 120th Ave,Westminster,Colorado,80234,http://www.cbpotts.com,3034515767,-105.0040899,39.91376115
77,Call To Arms Brewing Company,micro,4526 Tennyson St,Denver,Colorado,80212,http://www.facebook.com/calltoarmsbrewing,,-105.0435373,39.7788541
78,Cannonball Creek Brewing Co,micro,393 Washington Ave Unit A,Golden,Colorado,80403,http://www.cannonballcreekbrewing.com,3032780111,,
79,Capitol Creek Brewery,brewpub,371 Market St,Basalt,Colorado,81621,http://www.capitolcreekbrewery.com,8704043657,,
80,Carbondale Beer Works,brewpub,647 Main St,Carbondale,Colorado,81623,http://www.carbondalebeerworks.com,,-107.2134909,39.40060712
81,Carver Brewing Co,brewpub,1022 Main Ave,Durango,Colorado,81301,http://carverbrewing.com,9702592545,-107.8800415,37.2748415
82,Casey Brewing and Blending,micro,3421 Grand Ave Ste 4D,Glenwood Springs,Colorado,81601,http://www.caseybrewing.com,9702309691,,
83,Castle Rock Beer Company,micro,514 Perry St Ste C106,Castle Rock,Colorado,80104,http://www.castlerockbeerco.com,7203289008,,
84,Cellar West Artisan Ales,micro,1001 Lee Hill Dr Ste 10,Boulder,Colorado,80302,http://www.cellarwest.com,2627198795,,
85,Cerberus Brewing Company,brewpub,702 W Colorado Ave,Colorado Springs,Colorado,80905,http://www.cerberusbrewingco.com,7196362337,-104.8374071,38.8330574
86,Cerebral Brewing,micro,1477 Monroe St,Denver,Colorado,80206,http://www.cerebralbrewing.com,3039277365,-104.9451783,39.73968253
87,Chain Reaction Brewing Company,micro,902 S Lipan St,Denver,Colorado,80223,http://www.chainreactionbrewingco.com,3039220960,-105.001629,39.69879376
88,Cheluna Brewing Company,micro,2501 Dallas St Unit 148,Aurora,Colorado,80010,http://www.cheluna.com,7206000020,,
89,ChopHouse and Brewery - Denver,brewpub,1735 19th St Ste 100,Denver,Colorado,80202,http://www.craftworksrestaurants.com,3032960800,,
90,City Star Brewing,micro,321 Mountain Avenue,Berthoud,Colorado,80513,http://www.citystarbrewing.com,9705327827,-105.0809465,40.30505214
91,CO-Brew,micro,1133 N Broadway,Denver,Colorado,80203,http://www.cobrewdenver.com,7204854959,,
92,Coal Mine Ave Brewing Company,micro,9719 W Coal Mine Ave Unit A,Littleton,Colorado,80123,http://www.coalmineavebrewing.com,7205044866,,
93,Cogstone Brewing Co,brewpub,3858 Village Seven Rd,Colorado Springs,Colorado,80917,http://www.cogstonebrewing.com,7194186595,-104.75566,38.87959595
94,Colorado Boy Pizzeria,brewpub,320 E Main St,Montrose,Colorado,81401,http://www.coloradoboy.com,9702402790,-107.877366,38.47887872
95,Colorado Boy Pub & Brewery,brewpub,602 Clinton St.,Ridgway,Colorado,81432,http://www.coloradoboy.com,9706265333,-107.7577685,38.152358
96,Colorado Farm Brewery,micro,2070 County Road 12 S,Alamosa,Colorado,81101,http://www.cofarmbeer.com,7195800051,-105.9855918,37.40026048
97,Colorado Mountain Brewery At the Roundhouse,brewpub,600 S 21st St Unit 180,Colorado Springs,Colorado,80904,http://www.cmbrew.com,7194668240,,
98,Colorado Mountain Brewery,micro,1110 Interquest Pkwy,Colorado Springs,Colorado,80921,http://www.cmbrew.com,7192717951,-104.8083989,38.99103716
99,Colorado Plus,brewpub,6995 W 38th Ave,Wheat Ridge,Colorado,80033,http://coloradoplus.net,3038775957,-105.0916384,39.7693524
100,Comrade Brewing Company,micro,7667 E Iliff Ave Ste F,Denver,Colorado,80231,http://comradebrewing.com,7207480700,,
101,CooperSmiths Pub and Brewing,brewpub,5 Old Town Sq,Fort Collins,Colorado,80524,http://www.coopersmithspub.com,9704980483,-105.0755188,40.5873784
102,Copper Club Brewing Co,micro,233 E Aspen Ave,Fruita,Colorado,81521,http://www.copperclubbrew.com,9708588318,-108.7314921,39.1591638
103,Copper Kettle Brewing Company,micro,1338 S Valentia St Ste 100,Denver,Colorado,80247,http://www.copperkettledenver.com,7204432522,,
104,Crabtree Brewing,micro,2961 W 29th St,Greeley,Colorado,80631,http://www.crabtreebrewing.com,9703560516,-104.7875038,40.3899004
105,Crazy Mountain Brewing Co,regional,471 Kalamath St,Denver,Colorado,80204,http://www.crazymountainbrewery.com,9709263009,-105.0002926,39.72361171
106,Crestone Brewing Company,brewpub,187 West Silver Ave.,Crestone,Colorado,81131,http://www.crestonebrewingco.com,7192566400,,
107,Crooked Stave Artisan Beer Project,micro,1441 W 46th Ave Unit 17,Denver,Colorado,80211,http://www.crookedstave.com,7205083292,,
108,Crow Hop Brewing Co. Ltd.,micro,214 E 4th St,Loveland,Colorado,80537,http://www.crowhopbrewing.com,9706330643,-105.0735144,40.39536486
109,Crystal Springs Brewing Co,micro,657 S Taylor Ave,Louisville,Colorado,80027,http://www.crystalspringsbrewing.com,3038845602,-105.119781,39.964883
110,D.C. Oakes Brewhouse and Eatery,brewpub,3581 E Harmony Suite 110,Fort Collins,Colorado,80528,http://www.dcoakesbrewhouse.com,3034061757,,
111,Dad & Dudes Breweria,brewpub,6730 S Cornerstar Way Ste D,Aurora,Colorado,80016,http://breweria.com,3034005699,,
112,Dead Hippie Brewing,micro,3701 S Santa Fe Dr Unit 7,Sheridan,Colorado,80110,http://www.deadhippiebrewing.com,7204467961,,
113,Dean and Co,micro,201 Grant St,La Junta,Colorado,81050,,,,
114,Declaration Brewing Company,micro,2030 S Cherokee St,Denver,Colorado,80223,http://www.declarationbrewing.com,3039557410,-104.9910056,39.67973155
115,Denver Beer Co Canworks,micro,4455 Jason St,Denver,Colorado,80211,,7202954781,-105.0008302,39.7769429
116,Denver Beer Co,micro,1695 Platte St,Denver,Colorado,80202,http://www.denverbeerco.com,3034332739,-105.0072502,39.7583143
117,Denver Beer Co Olde Town Arvada,micro,5768 Olde Wadsworth Blvd,Arvada,Colorado,80002,,,-105.0814554,39.801625
118,DeSteeg Brewing Co/Blind Faith Brewing,micro,4342 Tennyson St,Denver,Colorado,80212,http://www.desteegbrewing.com,3034849698,-105.0438193,39.7760619
119,Diebolt Brewing,micro,3855 Mariposa St,Denver,Colorado,80211,http://www.dieboltbrewing.com,7206435940,-105.0032079,39.770332
120,Dillon Dam Brewery,brewpub,100 Little Dam Street,Dillon,Colorado,80435,http://www.dambrewery.com,9702627777,-106.0603129,39.62760465
121,Dive Bar Brewing Company,proprietor,5994 S Holly Street #146,Greenwood Village,Colorado,80111,http://divebarbeer.com,3039134355,,
122,Dolores River Brewery,brewpub,100 S. 4th St.,Dolores,Colorado,81323,http://www.doloresriverbrewery.com,9708824677,-108.504562,37.47323
123,Dos Luces Brewery,contract,1236 S Broadway,Denver,Colorado,80210,http://www.dosluces.com,3037254527,-104.9874923,39.6830067
124,Dostal Alley Brewing Co,brewpub,116 Main St,Central City,Colorado,80427,http://www.dostalalley.net,3035821610,-105.512426,39.8001431
125,Downhill Brewing,micro,18921 Plaza Dr Ste 104,Parker,Colorado,80134,http://www.elkmountainbrewing.com,3038052739,,
126,Dry Dock Brewing Co - North Dock,regional,2801 Tower Rd,Aurora,Colorado,80011,http://www.drydockbrewing.com,3034005606,-104.772404,39.758038
127,Dry Dock Brewing Co- South Dock,micro,15120 E Hampden Ave,Aurora,Colorado,80014,http://www.drydockbrewing.com,3034005606,-104.7680096,39.6529424
128,Dueces Wild Brewery,micro,660 Peterson Rd,Colorado Springs,Colorado,80915,http://www.dwbbrewery.com,6079729260,-104.7034318,38.8877651
129,Durango Brewing Co,brewpub,3000 Main Ave,Durango,Colorado,81301,http://www.durangobrewing.com,9702473396,-107.871981,37.297647
130,Echo Brewing Cask and Barrel,brewpub,600 Briggs St,Erie,Colorado,80516,,7203612332,-105.0477679,40.05042825
131,Echo Brewing Company,brewpub,5969 Iris Pkwy,Frederick,Colorado,80530,,,-104.944202,40.111448
132,Eddyline Brewing LLC,micro,102 Linderman Ave,Buena Vista,Colorado,81211,http://eddylinebrewery.com,7199666018,-106.131606,38.84025
133,Edgewater Brewery,brewpub,905 Struthers Ave,Grand Junction,Colorado,81501,http://www.kannahcreekbrewingco.com/edgewater-brewery,9702433659,-108.5575144,39.05565588
134,El Rancho Brewing,brewpub,29260 US Highway 40,Evergreen,Colorado,80439,http://www.elranchobrewing.com,3036702739,,
135,Elevation Beer Company,micro,115 Pahlone Pkwy,Poncha Springs,Colorado,81242,,,-106.0659377,38.51804434
136,Elk Avenue Brewing Company,brewpub,215 Elk Avenue,Crested Butte,Colorado,81224,,7733307876,-106.9861689,38.86984685
137,Endo Brewing Company,micro,2755 Dagny Way Ste 101,Lafayette,Colorado,80026,http://endobrewing.com,7204428052,-105.1341065,40.0144311
138,"Epic Brewing Co., LLC",micro,3001 Walnut St,Denver,Colorado,80205,http://www.epicbrewing.com,7205397410,-104.9813405,39.7632294
139,Equinox Brewing,micro,133 Remington St,Fort Collins,Colorado,80524,http://www.equinoxbrewing.com,9704841368,-105.0757134,40.5863266
140,Estes Park Brewery,micro,470 Prospect Village Dr,Estes Park,Colorado,80517,http://www.epbrewery.net,9705865421,-105.5261317,40.3714876
141,Evergreen Brewery,brewpub,2962 Evergreen Pkwy,Evergreen,Colorado,80439,http://www.evergreentaphouse.com,3037368419,,
142,Factotum Brewhouse,micro,3845 Lipan St,Denver,Colorado,80211,http://www.factotumbrewhouse.com,7204414735,-105.0020653,39.7702043
143,FATE Brewing Company,brewpub,1600 38th St Ste 100,Boulder,Colorado,80301,,,-105.2454818,40.0149794
144,Fermaentra,micro,1715 E Evans Ave,Denver,Colorado,80210,http://www.fermaentra.com,3039550736,-104.9428631,39.6784277
145,FH Beerworks,micro,521 S Tejon St,Colorado Springs,Colorado,80903,,7196406814,-104.8237318,38.8260086
146,Fiction Beer Company,micro,7101 E Colfax Ave,Denver,Colorado,80220,http://www.fictionbeer.com,7204567163,-104.8854207,39.7402188
147,Finkel & Garf Brewing Co.,micro,5455 Spine Rd Ste A,Boulder,Colorado,80301,http://www.finkelandgarf.com,,,
148,Floodstage Ale Works,brewpub,170 S Main St,Brighton,Colorado,80601,http://www.floodstagealeworks.com,3036547972,-104.8221009,39.98456564
149,Florence Brewing Company,micro,200 S Pikes Peak Ave,Florence,Colorado,81226,http://www.florencebrewing.com,7197847441,-105.1177755,38.3899222
150,Fossil Craft Beer Co,micro,2845 Ore Mill Rd Ste 1,Colorado Springs,Colorado,80904,http://www.fossilcraftbeer.com,7193758298,,
151,Frolic Brewing Company,brewpub,12910 Zuni St Ste 1300,Westminster,Colorado,80234,http://www.frolicbrewing.com,,,
152,Front Range Brewing Co.,brewpub,400 W South Boulder Rd Ste 1650,Lafayette,Colorado,80026,http://www.frontrangebrewingcompany.com,3033390767,,
153,Funkwerks,micro,1900 E Lincoln Ave Unit B,Fort Collins,Colorado,80524,http://www.funkwerks.com,9704823865,,
154,Gilded Goat Brewing Company,micro,3500 S College Ave Ste 194,Fort Collins,Colorado,80525,http://www.gildedgoatbrewing.com,9708257192,,
155,Glenwood Canyon Brewing Co,brewpub,402 7th St,Glenwood Springs,Colorado,81601,http://www.glenwoodcanyon.com,9709451276,-107.323424,39.5476563
156,Goat Patch Brewing Co.,micro,2727 N Cascade Ave Ste 123,Colorado Springs,Colorado,80907,http://www.goatpatchbrewing.com,7194714628,,
157,Gold Camp Brewing Co,micro,1007 S Tejon St,Colorado Springs,Colorado,80903,,7196950344,-104.823552,38.8195724
158,Golden Block Brewery,brewpub,1227 Greene St,Silverton,Colorado,81433,http://www.goldenblockbrewery.com,9703875962,-107.6642307,37.81194434
159,Golden City Brewery,brewpub,920 1/2 12th St,Golden,Colorado,80401,,3032798092,-105.2227813,39.75471167
160,Goldspot Brewing Co,micro,4970 Lowell Blvd,Denver,Colorado,80221,http://www.goldspotbrewing.com,3039555657,-105.0343545,39.7868924
161,Good River Beer Company,contract,1790 S Bannock St.,Denver,Colorado,80223,http://www.grbeerco.com,6023697442,-104.9898169,39.68421218
162,Gordon Biersch Brewery Restaurant - Broomfield,brewpub,1 W Flatiron Crossing Dr Ste 428,Broomfield,Colorado,80021,http://www.gordonbiersch.com/restaurant,7208872991,,
163,Gore Range Brewery,brewpub,105 Edwards Village Blvd,Edwards,Colorado,81632,http://www.gorerangebrewery.com,9709262739,-106.5953228,39.64367461
164,Grand Adventure Brewing Company,brewpub,207 Central Ave,Kremmling,Colorado,80459,http://www.grandadventure.us,9707249219,-106.3925656,40.0599844
165,"Grand Lake Brewing Co, The",brewpub,5610 Yukon St,Arvada,Colorado,80002,http://www.grandlakebrewing.com,3039081677,-105.082456,39.79927412
166,Grandma's House,micro,1710 S Broadway,Denver,Colorado,80210,http://www.grandmasbeer.com,3035786754,-104.9872737,39.74350567
167,Gravity Brewing,micro,1150 Pine St Unit B,Louisville,Colorado,80027,http://www.thegravitybrewing.com,3035440746,,
168,Great Divide Brewing Co,regional,2201 Arapahoe St,Denver,Colorado,80205,http://www.greatdivide.com,3032969460,-104.9885279,39.7539229
169,Great Divide Brewing Co - RiNo Barrel Bar,micro,1812 35th St,Denver,Colorado,80216,http://greatdivide.com/,3032969460,-104.979247,39.7703322
170,Great Frontier Brewing Company,micro,2010 S Oak St,Lakewood,Colorado,80227,http://www.greatfrontierbeer.com,7203281758,-105.1177216,39.6813614
171,Green Earth Brewing Company,micro,725 10th St Unit A,Greeley,Colorado,80631,http://www.greenearthbrewingco.com,9707022332,,
172,Green Mountain Beer Company,micro,2585 S Lewis Way Unit 110,Lakewood,Colorado,80227,http://www.greenmountainbeercompany.com,3039860201,,
173,"Grimm Brothers Brewhouse, LLC",micro,623 Denver Ave,Loveland,Colorado,80537,http://www.grimmbeer.com,9706246045,,
174,Grist Brewing Company,micro,9150 Commerce Center Cir Ste 300,Highlands Ranch,Colorado,80129,http://gristbrewingcompany.com,703604782,,
175,Grist Brewing Company - Lone Tree,micro,9535 Park Meadows Dr Ste F,Lone Tree,Colorado,80124,,3037289394,,
176,Grossen Bart Brewery,micro,1025 Delaware Ave Unit A,Longmont,Colorado,80501,http://www.grossenbart.com,7204382060,,
177,"Guanella Pass Brewing Company, LLC",micro,501 Rose Street,Georgetown,Colorado,80444,http://www.guanellapass.com,3035695167,-105.697303,39.705772
178,Gunbarrel Brewing Company,micro,7088 Winchester Cir Ste 2,Boulder,Colorado,80301,http://www.gunbarrelbrewing.com,8008035732,,
179,Halfpenny Brewing Company,micro,5150 E Arapahoe Rd Ste D1-B,Centennial,Colorado,80122,http://www.halfpennybrewing.com,7205830580,,
180,Hideaway Park Brewery,micro,78927 US Highway 40,Winter Park,Colorado,80482,http://www.hideawayparkbrewery.com,7204026513,,
181,High Alpine Brewing Company,brewpub,111 N Main St,Gunnison,Colorado,81230,http://www.highalpinebrewing.com,9706424500,-106.9270377,38.54462278
182,High Hops Brewery,micro,6461 State Highway 392,Windsor,Colorado,80550,http://www.highhopsbrewery.com,9706742841,-104.9357557,40.4799901
183,HighSide Brewery,micro,720 Main St,Frisco,Colorado,80443,http://www.highsidebrewing.com,9706682337,-106.0935416,39.57663329
184,Hogshead Brewery,micro,4460 W 29th Ave,Denver,Colorado,80212,http://www.hogsheadbrewery.com,3038869655,-105.04506,39.758232
185,Holidaily Brewing Co,micro,801 Brickyard Cir Ste B,Golden,Colorado,80403,http://www.holidailybrewing.com,3032782337,,
186,Horse & Dragon Brewing Company,micro,124 Racquette Dr,Fort Collins,Colorado,80524,http://www.horseanddragonbrewing.com,9706318038,,
187,Horsefly Brewing Co,brewpub,846 E Main St,Montrose,Colorado,81401,http://www.horseflybrewing.com,9702496889,-107.871306,38.48272365
188,Idylwilde Brewing,micro,116 Fawn Dr,Carbondale,Colorado,81623,http://idylwildebrewing.com,9702746332,,
189,Industrial Revolution Brewing Company,micro,285 Cheesman St,Erie,Colorado,80516,,3038281200,-105.0477556,40.05161529
190,Intersect Brewing,micro,2160 W Drake Rd Unit A1,Fort Collins,Colorado,80526,http://www.intersectbrewing.com,9706822041,,
191,Iron Bird Brewing Co.,brewpub,402 S Nevada Ave,Colorado Springs,Colorado,80903,http://www.ironbirdbrewing.com,7194247002,-104.8223799,38.8280292
192,Iron Tree Table & Taps,brewpub,37 Costello Ave,Florissant,Colorado,80816,http://www.irontreerestaurant.com,7197480124,,
193,Ironworks Brewery & Pub,brewpub,12354 W Alameda Pkwy Ste 110,Lakewood,Colorado,80228,http://www.ironworkspub.com,3039855818,,
194,Irwin Brewing Company,micro,326 Belleview,Crested Butte,Colorado,81224,http://www.irwinbrewingco.com,9702757578,-106.9853012,38.86695573
195,J. Fargo's Family Dining & Micro Brewery / Coyote J Brewing Co,brewpub,1209 E Main St,Cortez,Colorado,81321,http://www.jfargos.com,9705640242,-108.570199,37.348775
196,J Moe's Brewing Company,brewpub,7314 Washington St,Denver,Colorado,80229,http://www.creedebeer.com,3032874824,-104.9791943,39.7800007
197,Jagged Mountain Brewery,micro,1139 20th St,Denver,Colorado,80202,http://www.jaggedmountainbrewery.com,7206892337,-104.9913673,39.7522457
198,JAKs Brewing Company,micro,11860 Stapleton Dr,Peyton,Colorado,80831,http://www.jaksbrewing.com,7193751116,,
199,James Peak Brewery,brewpub,70 E First St,Nederland,Colorado,80466,http://www.jamespeakbrew.com,3032589453,,
200,Jessup Farm Barrel House,micro,1921 Jessup Dr,Fort Collins,Colorado,80525,http://jessupfarm.com/barrel-house/,9705688345,-105.0380013,40.5620458
201,Joyride Brewing Co,micro,2501 Sheridan Blvd,Edgewater,Colorado,80214,http://joyridebrewing.com,7204327560,-105.053492,39.7531231
202,Kannah Creek Brewing Co,brewpub,1960 N 12th St,Grand Junction,Colorado,81501,http://www.kannahcreekbrewingco.com,9702630111,-108.5522615,39.08513947
203,"Kettle and Spoke Brewery, LLC",micro,2500 47th St Ste 12,Boulder,Colorado,80301,http://www.kettleandspoke.com,7196509697,,
204,Kokopelli Beer Company,brewpub,8931 Harlan St,Westminster,Colorado,80031,http://www.kokopellibeer.com,7208406835,-105.0640386,39.8590102
205,Lady Justice Brewing Company,micro,4375 Eaton St,Denver,Colorado,80212,http://www.ladyjusticebrewing.com,,-105.0593393,39.7909855
206,Lake City Brewing Company,brewpub,130 Bluff St,Lake City,Colorado,81235,http://www.lcbrewco.com,9709445222,-107.3191335,38.02729486
207,Landlocked Ales,micro,3225 S Wadsworth Blvd Unit R,Lakewood,Colorado,80227,http://www.landlockedales.com,3032848748,,
208,Lariat Lodge Brewing,brewpub,27618 Fireweed Dr,Evergreen,Colorado,80439,http://www.LariatLodgeBrewing.com,3036741842,-105.3136925,39.63935145
209,Launch Pad Brewery,micro,884 S Buckley Rd,Aurora,Colorado,80017,http://www.launchpadbrewery.com,7208782627,-104.7911253,39.6853036
210,Left Hand Brewing Company,regional,1265 Boston Ave,Longmont,Colorado,80501,http://www.lefthandbrewing.com,3037720258,-105.1168403,40.158688
211,Liquid Mechanics Brewing Company,micro,297 N US Highway 287,Lafayette,Colorado,80026,http://www.liquidmechanicsbrewing.com,7205507813,,
212,Little Machine,micro,2924 W 20th Ave,Denver,Colorado,80211,http://www.littlemachinebeer.com,3032847893,-105.0243557,39.7474051
213,Living the Dream Brewing Co.,micro,12305 Dumont Way Unit A,Littleton,Colorado,80125,http://www.livingthedreambrewing.com,3032849585,,
214,Local Relic,brewpub,320 S Weber St,Colorado Springs,Colorado,80903,http://www.localrelic.com,7192700077,-104.8203866,38.82871975
215,Locavore Beer Works,micro,5950 S Platte Canyon Rd Ste D13,Littleton,Colorado,80123,http://www.locavorebeerworks.com,7204764419,,
216,Lone Tree Brewing Co,micro,8222 Park Meadows Dr,Lone Tree,Colorado,80124,http://www.lonetreebrewingco.com,3037925822,-104.8942075,39.56298697
217,Long Table Brewing,micro,2895 Fairfax St,Denver,Colorado,80207,,,-104.928343,39.75818024
218,Lost Friend Brewing Company,micro,2458 Montebello Square Dr,Colorado Springs,Colorado,80918,http://www.lostfriendbrewing.com,,-104.7823626,38.9082661
219,Lost Highway Brewing,micro,12741 E Caley Ave Ste 140,Centennial,Colorado,80111,http://www.losthighwaybrewing.com,,,
220,Loveland Aleworks,micro,118 W 4th St,Loveland,Colorado,80537,http://www.lovelandaleworks.com,9704057465,-105.0769672,40.39541012
221,Lowdown Brewery + Kitchen,brewpub,800 N Lincoln St Unit 2,Denver,Colorado,80203,http://www.lowdownbrewery.com,7205248065,,
222,Lumpy Ridge Brewing Co,micro,531 S St Vrain Ave,Estes Park,Colorado,80517,http://www.lumpyridgebrewing.com,9702351752,-105.503658,40.367158
223,Mad Jack's Mountain Brewery,micro,23 Main St,Bailey,Colorado,80421,http://www.madjacksmountainbrewery.com,3038162337,-105.4774352,39.40651269
224,Mahogany Ridge Brewery & Grill,brewpub,435 Lincoln Ave,Steamboat Springs,Colorado,80477,,9708793773,-106.8306883,40.48389236
225,Main Street Brewery/Four Corners,brewpub,21 E Main St,Cortez,Colorado,81321,,9705649112,-108.5846644,37.3484244
226,Mancos Brewing Company,brewpub,484 E. Frontage Rd,Mancos,Colorado,81328,http://www.mancosbrewingcompany.com,9705339761,,
227,Manitou Brewing Company,brewpub,725 Manitou Ave,Manitou Springs,Colorado,80829,http://www.manitou-brewing.com,7192827709,-104.9157413,38.8569869
228,Mash Lab Brewing,micro,4395 Highland Meadows Pkwy,Windsor,Colorado,80550,http://www.mashlabbrewing.com,9702629225,-104.9677936,40.4386998
229,Maxline Brewing,micro,2724 McClelland Dr Ste 190,Fort Collins,Colorado,80525,http://www.maxlinebrewing.com,9702862855,-105.0797489,40.55059012
230,McClellan's Brewing Company,brewpub,1035 S Taft Hill Rd,Fort Collins,Colorado,80521,http://www.mcclellansbrewingcompany.com,9705688473,-105.1151806,40.5737952
231,MillerCoors Brewing Co - Golden,large,311 10th St,Golden,Colorado,80401,,3032776246,-105.219592,39.759495
232,Mockery Brewing,micro,3501 Delgany St,Denver,Colorado,80216,http://Mockerybrewing.com,3039532058,-104.9797349,39.7712389
233,Moonlight Pizza,brewpub,242 F St,Salida,Colorado,81201,http://www.moonlightpizza.biz,7195394277,-105.9931616,38.53502271
234,Mother Tucker Brewery,micro,2360 E 120th Ave,Thornton,Colorado,80233,http://mothertuckerbrewery.com,3035659459,-104.9582581,39.91402476
235,Mountain Cowboy Brewing Company,brewpub,318 5th St,Frederick,Colorado,80530,http://www.mountaincowboybrewing.com,3039524433,-104.9369796,40.09855473
236,Mountain Sun Pub and Brewery,brewpub,1535 Pearl St,Boulder,Colorado,80302,http://www.mountainsunpub.com,3035460886,-105.2752277,40.0190131
237,Mountain Tap Brewery,brewpub,910 Yampa Street,Steamboat Springs,Colorado,80487,http://www.mountaintapbrewery.com,9708796646,-106.8355071,40.4853039
238,Mountain Toad Brewing,micro,900 Washington Ave,Golden,Colorado,80401,http://mountaintoadbrewing.com,7206383244,-105.2242563,39.75807905
239,Nano 108 Brewing Co,micro,2402 Waynoka Rd,Colorado Springs,Colorado,80915,http://www.nano108brewing.com,7195962337,,
240,Never Summer Brewing Co,micro,62 E Agate Ave,Granby,Colorado,80446,,9708870333,-105.9415686,40.0855713
241,New Belgium Brewing Co,regional,500 Linden St,Fort Collins,Colorado,80524,http://www.newbelgium.com,9702210524,-105.0678422,40.59335825
242,New Image Brewing Co,brewpub,5622 Yukon St,Arvada,Colorado,80002,http://www.nibrewing.com,7708811010,-105.0824595,39.79938347
243,New Planet Beer Co,contract,3980 Broadway St Ste 103 # 116,Boulder,Colorado,80304,http://www.newplanetbeer.com,3034994978,,
244,New Terrain Brewing Company,micro,16401 Table Mountain Pkwy,Golden,Colorado,80403,http://newterrainbrewing.com,7206977848,-105.1851036,39.77781975
245,Novel Strand Brewing,micro,305 W 1st Ave,Denver,Colorado,80223,,5189613217,-104.9923182,39.718471
246,Oasis Brewery,micro,3257 N Lowell Blvd,Denver,Colorado,80211,http://www.oasisbeer.com,3033174369,,
247,Odd13 Brewing Inc,micro,301 E Simpson St,Lafayette,Colorado,80026,http://www.odd13brewing.com,3039974164,-105.0878839,39.9983626
248,Odd13 Production Facility,micro,505 Stacy Ct Ste D,Lafayette,Colorado,80026,,,,
249,Odell Brewing Co - Denver,micro,2945 Larimer St,Denver,Colorado,80205,,,-104.9810078,39.7621447
250,Odell Brewing Co,regional,800 E Lincoln Ave,Fort Collins,Colorado,80524,http://www.odellbrewing.com,9704989070,-105.0633327,40.5895239
251,Odyssey Beerwerks,micro,5535 W 56th Ave Ste 107,Arvada,Colorado,80002,http://www.odysseybeerwerks.com,3034210772,,
252,Old Colorado Brewing Co,micro,8121 First St.,Wellington,Colorado,80549,http://www.oldcoloradobrewing.com,9702172129,,
253,Open Door Brewing Company,contract,2030 Ionosphere St Unit G,Longmont,Colorado,80504,http://www.opendoorbrewco.com,7205931401,,
254,Oskar Blues Brewery - Lyons,brewpub,303 Main St,Lyons,Colorado,80540,http://www.oskarblues.com,3038236685,-105.2676934,40.22451332
255,Oskar Blues Brewery & Tasty Weasel Tap Room,regional,1800 Pike Rd Unit B,Longmont,Colorado,80501,http://www.oskarblues.com,3037760724,,
256,Our Mutual Friend Brewing,micro,2810 Larimer St,Denver,Colorado,80205,http://www.omfbeer.com,3032963441,-104.9825596,39.7605777
257,Ouray Brewery,brewpub,607 Main St,Ouray,Colorado,81427,http://www.ouraybrewery.com,9703257388,-107.6712878,38.0229071
258,Ourayle House Brewery,micro,703 Main St,Ouray,Colorado,81427,,9709031824,-107.6714048,38.02402041
259,Outer Range Brewing Co,micro,182 Lusher Court #2,Frisco,Colorado,80443,http://www.outerrange.com,9703683101,-106.0989298,39.5892615
260,Pagosa Brewing & Grill,brewpub,118 N Pagosa Blvd,Pagosa Springs,Colorado,81147,http://www.pagosabrewing.com,9707312739,,
261,Palisade Brewing Company,brewpub,200 Peach Ave,Palisade,Colorado,81526,http://www.palisadebrewingcompany.com,9704641462,-108.3542553,39.11109565
262,Paonia United Brewing Company,micro,325 Grand Ave,Paonia,Colorado,81428,http://www.paoniaunitedbrew.com,9704177759,-107.5976969,38.86899455
263,Paradox Beer Co,micro,10 Buffalo Ct,Divide,Colorado,80814,http://www.paradoxbeercompany.com,,-105.1550486,38.94440915
264,Parts & Labor Brewing Company,brewpub,402 Main St Unit B,Sterling,Colorado,80751,http://www.partsandlaborbrewing.com,9702228221,,
265,Pdub Brewing Co,brewpub,187 S Purcell Blvd,Pueblo,Colorado,81007,http://www.pdubbrewing.com,7196478864,-104.7084175,38.3164023
266,Peak To Peak Tap & Brew,brewpub,16701 E Iliff Ave,Aurora,Colorado,80013,http://www.peakbrews.com,7204468714,-104.8366181,39.6750535
267,Peak To Peak Tap & Brew,micro,9735 E Colfax Ave,Aurora,Colorado,80010,,,-104.8505299,39.7402157
268,Peaks N Pines Brewing Company,micro,4005 Tutt Blvd,Colorado Springs,Colorado,80922,http://www.peaksnpinesbrewery.com,7193586758,-104.7146045,38.88965993
269,Periodic Brewing LLC,brewpub,115 E 7th St,Leadville,Colorado,80461,http://www.periodicbrewing.com,7203168144,-106.2917767,39.2496419
270,Periodic Brewing Northglenn,micro,2100 E 112th Ave,Northglenn,Colorado,80233,,7208641012,-104.9619495,39.89940226
271,Phantom Canyon Brewing Co,brewpub,2 E Pikes Peak Ave,Colorado Springs,Colorado,80903,http://www.phantomcanyon.com,7196352800,-104.8249314,38.83423935
272,Pikes Peak Brewing,micro,1756 Lake Woodmoor Dr,Monument,Colorado,80132,http://www.pikespeakbrewing.com,7192084098,,
273,Pilothouse Brewing Company,micro,4233 S Buckley Rd,Aurora,Colorado,80013,http://www.pilothousebrewco.com,3039944971,-104.7915508,39.63993222
274,Pints Pub Brewery and Freehouse,brewpub,221 W 13th Ave,Denver,Colorado,80204,http://www.pintspub.com,3035347543,-104.9908538,39.737018
275,Pitchers Sports Restaurant and Brewery,brewpub,1100 W Drake Rd,Fort Collins,Colorado,80526,http://www.pitchersbrewery.com,9704935374,-105.0973959,40.55306785
276,Platt Park Brewing Co.,micro,1875 S Pearl St,Denver,Colorado,80210,http://www.plattparkbrewing.com,3039686674,-104.9805967,39.68267416
277,Primitive Beer LLC,micro,2025 Ionosphere St Unit 101,Longmont,Colorado,80504,http://www.Primitive.beer,9142557436,,
278,Prost Brewing,micro,2540 19th St,Denver,Colorado,80211,http://www.prostbrewing.com,3037291175,-105.0067758,39.761363
279,Pug Ryan's Brewing Company,brewpub,104 Village Pl,Dillon,Colorado,80435,http://www.pugryans.com,9704682145,-106.0467598,39.62832675
280,Pumphouse Brewery and Restaurant,brewpub,540 Main St,Longmont,Colorado,80501,http://www.pumphousebrewery.com,3037020881,-105.1020999,40.1687619
281,Purpose Brewing and Cellars,micro,4025 S Mason St Unit C,Fort Collins,Colorado,80525,http://www.purposebrewing.com,9703774107,,
282,Rails End Beer Company,micro,11625 Reed Ct,Broomfield,Colorado,80020,http://www.railsendbeerco.com,3033538121,-105.0750302,39.9084879
283,Rally King Brewing,micro,1624 S Lemay Ave Unit 4,Fort Collins,Colorado,80525,http://www.rallykingbrewing.com,9705688936,,
284,Ratio Beerworks,micro,2920 Larimer St,Denver,Colorado,80205,http://ratiobeerworks.com,3102669264,-104.9812181,39.7615104
285,Red Leg Brewing Company,micro,4630 Forge Rd Ste B,Colorado Springs,Colorado,80907,http://www.redlegbrewingco.com,7195983776,,
286,Red Mountain Brewing,brewpub,400 Main St,Ouray,Colorado,81427,http://www.redmountainbrewingouray.com,9703259858,-107.671615,38.020713
287,Red Truck Beer Company Ltd.,micro,1020 E Lincoln Ave,Fort Collins,Colorado,80524,,6046824733,-105.0584895,40.58916845
288,Redgarden Brewery,brewpub,1700 Dogwood St,Louisville,Colorado,80027,http://www.redgardenbrewery.com,3036199601,-105.1138827,39.9674475
289,Renegade Brewing Company,micro,918 W 1st Ave,Denver,Colorado,80223,http://renegadebrewing.com,3035345407,-104.9992637,39.71831392
290,Renegade Brewing Company - Production,micro,918 W 1st Ave,Denver,Colorado,80223,http://www.renegadebrewing.com,7204014089,-104.9992637,39.71831392
291,Resolute Brewing Company,micro,7286 S Yosemite St Ste 110,Centennial,Colorado,80112,http://www.resolutebrewingco.com,7207221238,,
292,Riff Raff Brewing,brewpub,274 Pagosa St,Pagosa Springs,Colorado,81147,http://www.riffraffbrewing.com,9702644677,-107.0081546,37.26874006
293,River North Brewery,micro,6021 Washington St Unit A,Denver,Colorado,80216,http://www.rivernorthbrewery.com,7858656057,,
294,Roaring Fork Beer Company,proprietor,1941 Dolores Way,Carbondale,Colorado,81623,http://www.roaringforkbeerco.com,9705105934,,
295,Rock Bottom Brewery - Centerra Promenade,brewpub,6025 Sky Pond Dr,Loveland,Colorado,80538,http://www.rockbottom.com,9706222077,-104.990385,40.418114
296,Rock Bottom Brewery - Colorado Springs,brewpub,3316 Cinema Point Dr,Colorado Springs,Colorado,80922,http://www.rockbottom.com,7195503586,-104.718194,38.8811909
297,Rock Bottom Brewery - Denver,brewpub,1001 16th St Ste 100,Denver,Colorado,80265,http://www.rockbottom.com,3035347616,,
298,Rock Bottom Brewery - Englewood,brewpub,9627 E County Line Rd,Englewood,Colorado,80112,http://www.rockbottom.com,3037929090,,
299,Rock Bottom Brewery - Highlands Ranch,brewpub,1505 Park Central Dr,Highlands Ranch,Colorado,80129,,,,
300,Rock Bottom Brewery - Orchard Cntr,brewpub,14694 Orchard Pkwy Unit 400,Westminster,Colorado,80023,http://www.rockbottom.com,3032551625,,
301,Rock Bottom Brewery - Westminster,brewpub,10633 Westminster Blvd Unit 900,Westminster,Colorado,80020,http://www.rockbottom.com,7205660198,,
302,Rock Cut Brewing Company,micro,390 W Riverside Dr,Estes Park,Colorado,80517,,,-105.5232105,40.37237825
303,Rockslide Brewing Co,brewpub,401 Main St,Grand Junction,Colorado,81501,http://www.rockslidebrewpub.com,9702419311,-108.5659153,39.0670106
304,Rocky Mountain Brewery,micro,625 Paonia St,Colorado Springs,Colorado,80915,http://www.rockymountainbrews.com,7195281651,,
305,"Rocky Mountain Taphouse, LLC",micro,3050 67th Ave Ste 104,Greeley,Colorado,80634,http://www.rockymountaintaphouse.com,9703026551,-104.7859342,40.387892
306,Rockyard Brewing Company,brewpub,880 Castleton Rd,Castle Rock,Colorado,80109,http://www.rockyard.com,3038149273,-104.8723394,39.4096188
307,Royal Gorge Brew Pub,brewpub,413 Main St,Canon City,Colorado,81212,http://www.royalgorgebrewing.com,7193454141,-105.2418113,38.44010539
308,Rustica Brewing Company,micro,2370 S Kalamath St Unit A,Denver,Colorado,80223,http://www.rusticabrewery.com,7203979682,,
309,Saint Patrick's Brewing Company,micro,2842 W Bowles Ave,Littleton,Colorado,80120,http://www.stpatricksbrewco.com,3037187575,-105.024584,39.6125875
310,San Luis Valley Brewing Co,brewpub,631 Main St,Alamosa,Colorado,81101,http://www.slvbrewco.com,7195872337,-105.8742898,37.4681813
311,Sanitas Brewing Co,micro,3550 Frontier Ave Ste A,Boulder,Colorado,80301,http://www.sanitasbrewing.com/,2152667762,,
312,Seedstock Brewery,micro,3610 W Colfax Ave,Denver,Colorado,80204,http://www.seedstockbrewery.com,7204767831,-105.0348519,39.74025203
313,Shamrock Brewing Company,brewpub,108 W 3rd St,Pueblo,Colorado,81003,http://www.shamrockbrewing.com,7195429974,-104.6078644,38.26965302
314,Sherpa Brewery Pvt. Ltd.,contract,1708 W 17th Dr,Golden,Colorado,80401,,,-105.1963424,39.7443713
315,Shoes & Brews,micro,63 S Pratt Pkwy Unit B,Longmont,Colorado,80501,http://www.shoesbrews.com,7203404290,,
316,SKA Brewing,regional,"225 Girard, Bodo Park",Durango,Colorado,81303,,,,
317,Sleeping Giant Brewing Company,micro,2500 W 5th Ave,Denver,Colorado,80204,http://www.sleepinggiantbrewing.com,,-105.0167729,39.7237975
318,Smiling Toad Brewery,micro,1757 S 8th St Ste 100,Colorado Springs,Colorado,80905,http://www.smilingtoadbrewery.com,7194182936,,
319,Smuggler's Brewpub,brewpub,225 South Pine St,Telluride,Colorado,81435,http://www.smugglersbrewpub.com,9707285620,-107.8114274,37.9358018
320,Snowbank Brewing,micro,225 N Lemay Ave Ste 1,Fort Collins,Colorado,80524,http://www.snowbank.beer,9709995658,,
321,SomePlace Else Brewery,micro,6425 W 52nd Ave Unit 6/6B,Arvada,Colorado,80002,,7205124162,,
322,Something Brewery,micro,117 N Main St Unit A,Brighton,Colorado,80601,http://www.somethingbrewery.com,7206601343,,
323,Soul Squared Brewing Co.,micro,6412 N County Road 15,Fort Collins,Colorado,80524,http://www.soulsquaredbrewing.com,,,
324,Soulcraft Brewing,micro,248 W US Highway 50,Salida,Colorado,81201,http://www.soulcraftbeer.com,7195395428,,
325,South Park Brewing,micro,297 1/2 US Hwy 285,Fairplay,Colorado,80440,http://www.southparkbrewingco.com,7198361932,,
326,Southern Sun Pub and Brewery,brewpub,627 S Broadway St,Boulder,Colorado,80305,http://www.mountainsunpub.com,3035430886,,
327,Spangalang Brewery,micro,2736 Welton St Ste 102,Denver,Colorado,80205,http://www.spangalangbrewery.com,3032971276,-104.9770361,39.7552227
328,Spice Trade Brewing,brewpub,7803 Ralston Rd,Arvada,Colorado,80002,http://www.spicetradebrewing.com,3034319000,-105.0841731,39.802334
329,Square Peg Brewerks,micro,625 Main St,Alamosa,Colorado,81101,http://www.squarepegbrewerks.com,7195807472,-105.8742898,37.4681813
330,Station 26 Brewing Co,micro,7045 E 38th Ave,Denver,Colorado,80207,http://www.station26brewing.co,,-104.9062608,39.76935335
331,Steamworks Brewing Co,brewpub,801 E 2nd Ave,Durango,Colorado,81301,http://www.steamworksbrewing.com,9702599200,-107.87979,37.272176
332,Stein Brewing Company,micro,2516 49th St,Boulder,Colorado,80301,http://www.jwellsbrewery.com,3033960384,-105.2378323,40.0238083
333,Storm Peak Brewing Company,micro,1885 Elk River Plz Unit 4,Steamboat Springs,Colorado,80487,http://www.stormpeakbrewing.com,9708791999,,
334,Storybook Brewing,micro,3121 N El Paso St Ste A,Colorado Springs,Colorado,80907,http://www.storybookbrewing.com,7196336266,,
335,Strange Craft Beer Co,micro,1330 Zuni St Ste M,Denver,Colorado,80204,http://www.strangecraft.com,7209852337,,
336,Suds Brothers Brewing Co #2,brewpub,127 E Aspen Ave,Fruita,Colorado,81521,http://www.sudsbrothers2fruita.com,9708581571,-108.7326881,39.1591622
337,Telluride Brewing Co,micro,156 DEF Society Drive,Telluride,Colorado,81435,http://www.telluridebrewingco.com,9707285094,,
338,The Bakers' Brewery,brewpub,531 Silverthorne Ln,Silverthorne,Colorado,80498,http://www.thebakersbrewery.com,9704680170,-106.0672002,39.62976193
339,The Brew On Broadway (The BoB),micro,3445 S Broadway,Englewood,Colorado,80113,http://www.thebrewonbroadway.com,3037815665,-104.98772,39.65416792
340,The Grateful Gnome Sandwich Shoppe and Brewery,brewpub,4369 Stuart St,Denver,Colorado,80212,http://www.thegratefulgnome.com,7205986863,-105.0432655,39.7764426
341,The Intrepid Sojourner Beer Project,micro,925 W 8th Ave,Denver,Colorado,80204,http://sojournerbeers.com,8122498792,-104.9993865,39.7291386
342,The Larimer Beer Company,contract,3620 Newport St,Denver,Colorado,80207,http://www.thelarimer.com,7205076369,-104.9093487,39.76773768
343,The Peak Brewing Company,brewpub,78491 US-40,Winter Park,Colorado,80482,http://www.thepeakwp.com,9707267951,,
344,The Post Brewing Co,brewpub,2027 13th St,Boulder,Colorado,80302,http://www.postbrewing.com,7203723341,-105.2788942,40.01847649
345,The Post Brewing Co,brewpub,105 W Emma St,Lafayette,Colorado,80026,http://www.postbrewing.com,3035932066,-105.0913165,39.99461105
346,The Sandlot Brewery At Coors Field,large,2145 Blake St,Denver,Colorado,80205,http://www.millercoors.com,3032981587,-104.9926484,39.75571836
347,Thirsty Monk Pub Brewery,micro,1604 E 17th Ave,Denver,Colorado,80218,,,-104.9682508,39.743154
348,Three Barrel Brewing Co,brewpub,475 Grand Ave,del Norte,Colorado,81132,http://www.threebarrelbrew.com,7196570681,-106.3567109,37.6790756
349,Three Four Beer Company,brewpub,829 S Shields St,Fort Collins,Colorado,80521,http://www.threefourbeerco.com,9706821560,-105.0959634,40.5726176
350,Tilted Barrel Brew Pub,contract,110 E 29th St,Loveland,Colorado,80538,http://www.tiltedbarrelbrewpub.com,9706198950,-105.0773167,40.42158016
351,Tivoli Brewing Company,micro,900 Auraria Pkwy Unit 240,Denver,Colorado,80204,,3035826039,,
352,Tommyknocker Brewery & Pub,micro,1401 Miner St,Idaho Springs,Colorado,80452,http://www.tommyknocker.com,3035674419,-105.5176775,39.7417505
353,Trinity Brewing,brewpub,1466 Garden of The Gods Rd Ste 184,Colorado Springs,Colorado,80907,http://www.trinitybrew.com,7196340029,,
354,TRVE Brewing Co,micro,2600 W. 2nd Ave Unit 8,Denver,Colorado,80219,http://trvebrewing.com,3033511021,,
355,TRVE Brewing Co. - The Acid Temple,micro,2600 W. 2nd Ave Unit 8,Denver,Colorado,80219,,3033511021,,
356,Tumbleweed Brewing and Wine Company,brewpub,124 S Main St,Yuma,Colorado,80759,http://www.tumbleweedbrewing.com,9706302818,-102.7238865,40.12462759
357,Twisted Pine Brewing Co,brewpub,3201 Walnut St Ste A,Boulder,Colorado,80301,http://www.twistedpinebrewing.com,3037869270,,
358,Two Rascals Brewing Co,micro,147 N 1st St,Montrose,Colorado,81401,http://www.tworascalsbrewing.com,9702498689,-107.8800003,38.4788199
359,Two22 Brew,micro,4550 S Reservoir Rd,Centennial,Colorado,80015,http://www.two22brew.com,7203289038,-104.7601698,39.63429093
360,Upslope Brewing Company - Flatiron Park,micro,1898 S Flatiron Ct Ste 110,Boulder,Colorado,80301,http://www.upslopebrewing.com,,-105.2183136,40.0203098
361,Upslope Brewing Company - Lee Hill,regional,1501 Lee Hill Rd Unit 20,Boulder,Colorado,80304,http://www.upslopebrewing.com,3033961898,,
362,Ursula Brewery,micro,2101 N Ursula St Unit 10,Aurora,Colorado,80045,http://www.ursulabrewery.com,7203248529,,
363,Ute Pass Brewing Co,brewpub,209 E Midland Ave,Woodland Park,Colorado,80863,http://www.utepassbrewingcompany.com,7196868722,-105.0513357,38.9944899
364,Uturn BBQ,brewpub,599 Crossing Dr,Lafayette,Colorado,80026,http://www.uturnbbq.com,3039936033,-105.1016163,40.0035307
365,Vail Brewing Company,micro,41290 US Hwy 6,Vail,Colorado,81657,http://www.vailbrewingco.com,9704704351,,
366,Verboten Brewing,micro,127 E 5th St,Loveland,Colorado,80537,http://www.verbotenbrewing.com,9707757371,-105.0749674,40.39658612
367,Very Nice Brewing Co,micro,20 Lakeview Drive Unit 112,Nederland,Colorado,80466,http://www.verynicebrewing.com,3032583770,,
368,Veteran Brothers Brewing Company,brewpub,21 N Parish Ave,Johnstown,Colorado,80534,https://www.facebook.com/veteranbrothersbrew,9705876786,-104.9061919,40.33713
369,Vine Street Pub & Brewery,brewpub,1700 Vine St,Denver,Colorado,80206,http://www.mountainsunpub.com,3033882337,-104.9627421,39.7434087
370,Vision Quest Brewing Company,micro,2510 47th St Ste A2,Boulder,Colorado,80301,http://www.visionquestbrewing.com,3038986802,,
371,Walter Brewing Company,micro,126 Oneida St,Pueblo,Colorado,81003,http://www.waltersbeer.com,7195420766,-104.6103677,38.26241645
372,WeldWerks Brewing Co.,micro,508 8th Ave,Greeley,Colorado,80631,http://www.weldwerksbrewing.com,9705185226,-104.6911497,40.3998251
373,West Flanders Brewing Co,brewpub,1125 Pearl St,Boulder,Colorado,80302,http://www.wfbrews.com,3034472739,-105.260866,40.0217453
374,Westbound & Down Brewing Company,brewpub,1617 Miner St,Idaho Springs,Colorado,80452,http://www.westboundanddown.com,7205023121,-105.5155002,39.7419049
375,WestFax Brewing Co.,micro,6733 W Colfax Ave,Lakewood,Colorado,80214,http://www.westfaxbrewingcompany.com,3032333742,-105.0710839,39.7415749
376,Westminster Brewing Co,micro,7655 W 108th Ave Ste 600,Westminster,Colorado,80021,http://westminsterbrewingco.com,3032841864,,
377,Whistle Pig Brewing Company,micro,1840 Dominion Way,Colorado Springs,Colorado,80918,http://www.whistlepigbrewing.com,7195981339,-104.7931723,38.92372675
378,Wibby Brewing,micro,209 Emery St,Longmont,Colorado,80501,http://www.wibbybrewing.com,,-105.1002098,40.1623965
379,Wild Woods Brewery,micro,5460 Conestoga Ct,Boulder,Colorado,80301,http://www.wildwoodsbrewery.com,3034841465,-105.2258104,40.0162153
380,WildEdge Brewing Collective,brewpub,111 N Market St,Cortez,Colorado,81321,http://www.wildedgebrewing.com,9705659445,-108.5853117,37.34990058
381,Wiley Roots Brewing Co,micro,625 3rd St Unit D,Greeley,Colorado,80631,http://www.wileyrootsbrewing.com,9706911641,,
382,Wit's End Brewing Co,micro,1330 Zuni St Ste N,Denver,Colorado,80204,http://www.witsendbrewing.com,3033599119,,
383,Wonderland Brewing Co.,micro,5450 W 120th Ave,Broomfield,Colorado,80020,http://www.wonderlandbrewing.com,3039530400,-105.0560819,39.91349895
384,Woods Boss Brewing Company,micro,2210 California St,Denver,Colorado,80205,http://www.woodsbossbrew.com,9149609225,-104.9845374,39.7509153
385,Wynkoop Brewing Co,brewpub,1634 18th St,Denver,Colorado,80202,http://www.wynkoop.com,3032972700,-104.9984831,39.7535446
386,Yampa Valley Brewing Company,micro,106 E Jefferson Ave Unit B,Hayden,Colorado,81639,http://www.yampavalleybrew.com,9702768014,,
387,Zephyr Brewing Co,micro,1609 E 58th Ave Ste G,Denver,Colorado,80216,http://www.zephyrbrewingco.com,7202959374,,
388,Zuni Street Brewing Company,micro,2355 W 29th Ave,Denver,Colorado,80211,http://www.zunistreetbrewing.com,3038626525,-105.015409,39.7585929
389,Zwei Brewing Co,micro,4612 S Mason St Ste 120,Fort Collins,Colorado,80525,http://www.zweibruderbrewing.com,9702232482,,
